,UserID,Nome,CEP,Total Com Tributos,Aliquota Icms,Aliquota Pis,Aliquota Cofins,Valor Sem Tributos,Valor de ICMS,Valor de PIS,Valor de COFINS
0,2000,Luiz,18000000,350.0,18,0.66,3.45,272.615,63.0,2.31,12.075
1,300,Lucas,18000000,200.0,18,0.66,3.45,155.78,36.0,1.32,6.9
2,303,Lari,18000000,152.12,17,0.66,3.45,120.007468,25.8604,1.003992,5.248140000000001
3,3000,Luly,18000000,11.19,12,0.66,3.45,9.387291,1.3428,0.073854,0.386055
